<?xml version="1.0" encoding="UTF-8"?>
<beans xmlns="http://www.springframework.org/schema/beans"
	xmlns:xsi="http://www.w3.org/2001/XMLSchema-instance"
	xmlns:context="http://www.springframework.org/schema/context"
	xmlns:p="http://www.springframework.org/schema/p"
	xsi:schemaLocation="
           http://www.springframework.org/schema/beans
           http://www.springframework.org/schema/beans/spring-beans-3.1.xsd
           http://www.springframework.org/schema/context
           http://www.springframework.org/schema/context/spring-context-3.1.xsd">
	<context:annotation-config />
	<context:component-scan base-package="com.spring.lifecycle"/>
	<bean
		class="org.springframework.context.annotation.CommonAnnotationBeanPostProcessor" />
	<!-- <bean class="com.spring.lifecycle.Food" name="jalebi" init-method="init" 
		destroy-method="destroy"> <property name="price" value="120"/> </bean> <bean 
		class="com.spring.lifecycle.Coca" name="coca" > <property name="price" value="12"/> 
		</bean> -->
	<bean class="com.spring.lifecycle.Example" name="example">
		<property name="subject" value="chemistry" />
	</bean>
	
</beans>