<?xml version="1.0" encoding="UTF-8"?>
<beans xmlns="http://www.springframework.org/schema/beans"
	xmlns:xsi="http://www.w3.org/2001/XMLSchema-instance"
	xmlns:p="http://www.springframework.org/schema/p"
	xsi:schemaLocation="http://www.springframework.org/schema/beans
 http://www.springframework.org/schema/beans/spring-beans.xsd">
<bean class="B" name="refb">
		<property name="y" value="10"></property>
	</bean>
	<bean class="A" name="refa">
		<property name="x" value="1000000" />
		<property name="b" ref="refb" />
	</bean>
	<bean class="com.springcontructref.ci.Person" name="person">
		<constructor-arg value="Taha" />
		<constructor-arg value="12" type="int" />
	</bean>
	<bean class="com.spring.collection.Student" name="student">
		<property name="namme" value="Taha" />
		<property name="phones">
			<list>
				<value>7415307253</value>
				<value>1234567890</value>
			</list>
		</property>
		<property name="address">
			<set>
				<value>Indore</value>
				<value>Gwalior</value>
			</set>
		</property>
		<property name="courses">
			<map>
				<entry key="java" value="EasyPeasy" />
			</map>
		</property>
	</bean>
</beans>