<?xml version="1.0" encoding="UTF-8"?>
<beans xmlns="http://www.springframework.org/schema/beans"
	xmlns:xsi="http://www.w3.org/2001/XMLSchema-instance"
	xmlns:context="http://www.springframework.org/schema/context"
	xmlns:p="http://www.springframework.org/schema/p"
	xsi:schemaLocation="http://www.springframework.org/schema/beans
 http://www.springframework.org/schema/beans/spring-beans.xsd">
 <bean id="triangle" class="com.spring.beanpostprocessor.Triangle">
 <property name="pointA" ref="pointA"/>
 <property name="pointB" ref="pointB"/>
 <property name="poincC" ref="poincC"/>
 </bean>
 
 <bean id="pointA" class="com.spring.beanpostprocessor.Point">
 <property name="x" value="0"/>
 <property name="y" value="1"/>
 </bean>
  <bean id="pointB" class="com.spring.beanpostprocessor.Point">
 <property name="x" value="0"/>
 <property name="y" value="2"/>
 </bean>
  <bean id="poincC" class="com.spring.beanpostprocessor.Point">
 <property name="x" value="2"/>
 <property name="y" value="2"/>
 </bean>
 <bean class="com.spring.beanpostprocessor.DisplayNameeanPostProcessor"/>
 <bean class="com.spring.beanpostprocessor.BeanFactoryPostProcess"/>
</beans>