<?xml version="1.0" encoding="UTF-8"?>
<beans xmlns="http://www.springframework.org/schema/beans"
	xmlns:xsi="http://www.w3.org/2001/XMLSchema-instance"
	xmlns:context="http://www.springframework.org/schema/context"
	xmlns:p="http://www.springframework.org/schema/p"
	xsi:schemaLocation="http://www.springframework.org/schema/beans
 http://www.springframework.org/schema/beans/spring-beans.xsd">

	<bean id="messageSource" class="com.springframework.context.support.ResourceBundleMessageSource">
	<property name="basenames">
	<list>
	<value>mymessages</value>
	</list>
	</property>
	</bean>
</beans>